,norm,n_train,n_val,n_supp,train_acc,val_acc,radius
0,1.1349388897349595,108,2637,69,108.0,2065.0,16.476311270147047
1,1.269656849240555,136,3361,71,136.0,2639.0,15.583328143597212
2,0.9443171284406051,133,3372,77,133.0,2729.0,17.025206924029412
3,1.3121629570480027,123,2630,80,123.0,1955.0,16.64386938644283
