,norm,n_train,n_val,n_supp,train_acc,val_acc,radius
0,41.432610762725545,1645,9972,439,1645.0,7751.0,17.801897980990258
1,0.14018666897733015,11,94,7,11.0,86.0,15.254841792919914
2,0.2329599753639191,19,109,12,19.0,86.0,15.581332893765724
3,0.03734323505371198,1,6,1,1.0,3.0,0.0
4,2.2965670103995945,314,1774,141,314.0,1473.0,17.34340922513201
5,0.042427664030844754,8,34,6,8.0,31.0,12.411656181058273
6,0.037955095466338656,2,11,2,2.0,4.0,6.559031948268409
7,0.0,0,0,0,0.0,0.0,0.0
