,norm,n_train,n_val,n_supp,train_acc,val_acc,radius
0,5.1283155448869175,513,3144,207,513.0,2502.0,16.793481519372513
1,3.171714568923594,461,2843,172,461.0,2389.0,16.763011832587914
2,4.557593167050983,498,2816,186,498.0,2195.0,17.323061352887684
3,3.613923626629471,528,3197,187,528.0,2638.0,17.523093645898612
