,norm,n_train,n_val,n_supp,train_acc,val_acc,radius
0,14.845152651419227,1000,12000,358,1000.0,9060.0,17.843135413643328
