,norm,n_train,n_val,n_supp,train_acc,val_acc,radius
0,190.92451136621244,1993,11961,1663,1993.0,9267.0,17.82504426904438
1,0.1579172654955962,7,39,7,7.0,34.0,15.182648718077388
