,norm,n_train,n_val,n_supp,train_acc,val_acc,radius
0,1.1903072004682096,108,1449,67,108.0,1043.0,16.724519075924725
1,1.095538790432237,117,1221,77,117.0,921.0,16.601423506024148
2,0.9472530369744809,128,1625,65,128.0,1284.0,15.568777093937586
3,1.010413141995911,132,1723,66,132.0,1416.0,16.26384901349284
4,1.5398183185660106,151,1778,81,151.0,1353.0,16.194159318704287
5,1.1466482405584473,136,1472,76,136.0,1104.0,16.98642613481248
6,0.7597927902789877,85,1212,41,85.0,970.0,15.838299705285195
7,0.867723556108047,143,1520,68,143.0,1312.0,17.058554300840257
