,norm,n_train,n_val,n_supp,train_acc,val_acc,radius
0,0.517085610051773,45,1449,31,45.0,1027.0,15.523244142500147
1,0.7300317924428823,66,1221,48,66.0,897.0,16.116396689733534
2,0.5983644569534611,67,1625,30,67.0,1268.0,15.340352635150756
3,0.5667148449961665,62,1723,34,62.0,1293.0,15.827097122407991
4,0.8629998413246,73,1778,50,73.0,1323.0,15.731091621976892
5,0.7959383169595015,67,1472,46,67.0,1106.0,16.94714699045742
6,0.4735725734940812,48,1212,24,48.0,921.0,15.500520826186884
7,0.6354859765762508,72,1520,42,72.0,1283.0,16.101508332882386
