,norm,n_train,n_val,n_supp,train_acc,val_acc,radius
0,3.0741092613070187,486,2918,158,486.0,2382.0,16.753160446627227
1,3.8032800406044402,531,3083,174,531.0,2487.0,17.248645811900232
2,4.675893520419756,527,3127,205,527.0,2498.0,17.165882467179046
3,3.647976183287681,456,2872,185,456.0,2277.0,17.4366691206189
