,norm,n_train,n_val,n_supp,train_acc,val_acc,radius
0,196.7522214958893,2000,12000,1662,2000.0,9294.0,17.945365934778224
