,norm,n_train,n_val,n_supp,train_acc,val_acc,radius
0,0.11912615654431985,3,141,3,3.0,112.0,11.42651280367917
1,0.0,0,0,0,0.0,0.0,0.0
2,4.910572637299088,497,11821,226,497.0,8720.0,17.457016594077103
3,0.0,0,38,0,0.0,0.0,0.0
