,norm,n_train,n_val,n_supp,train_acc,val_acc,radius
0,0.2502470725546221,9,103,9,9.0,72.0,13.46639642314241
1,0.10293708265931405,2,52,2,2.0,21.0,9.720098169013706
2,6.0833247028884685,587,7147,253,587.0,5522.0,17.82142210268526
3,3.5356889925651855,402,4698,172,402.0,3661.0,16.645928378415537
