,norm,n_train,n_val,n_supp,train_acc,val_acc,radius
0,4.888524833757336,499,11961,230,499.0,8829.0,17.457016594077103
1,0.037575166562733686,1,39,1,1.0,8.0,0.0
