,norm,n_train,n_val,n_supp,train_acc,val_acc,radius
0,0.4304460522341122,40,253,27,40.0,207.0,15.360188316980018
1,18.78271442626585,1183,6735,369,1183.0,5283.0,17.468208259237187
2,0.2899227236687414,15,141,14,15.0,108.0,15.407094165887731
3,5.608838389456692,685,4406,238,685.0,3524.0,17.59915351692644
4,0.03965755099046752,3,12,3,3.0,12.0,9.543456297382706
5,0.41927840968181496,53,316,23,53.0,279.0,15.278974423753752
6,0.037117851590113354,1,6,1,1.0,1.0,0.0
7,0.3294497538901416,20,131,18,20.0,103.0,15.505929486825245
