,norm,n_train,n_val,n_supp,train_acc,val_acc,radius
0,14.738020499167543,996,11961,353,996.0,9072.0,17.74021514142955
1,0.09766929503884106,4,39,4,4.0,8.0,14.321465509881195
