,norm,n_train,n_val,n_supp,train_acc,val_acc,radius
0,2.0580401125807692,230,1449,123,230.0,1106.0,16.860188594203393
1,1.7729243182070507,224,1221,113,224.0,941.0,16.883212898624905
2,1.6471931331859586,273,1625,106,273.0,1393.0,16.086061016793465
3,1.7943545980787883,255,1723,100,255.0,1432.0,16.60531962783441
4,2.564606351294895,290,1778,123,290.0,1443.0,16.614890878892744
5,1.8589865350663903,260,1472,113,260.0,1159.0,17.261403215947645
6,1.1933026187192683,176,1212,64,176.0,974.0,16.301033503751917
7,1.3190050048648387,292,1520,96,292.0,1310.0,17.16459647068386
