,norm,n_train,n_val,n_supp,train_acc,val_acc,radius
0,2.536006207111358,257,6003,132,257.0,4459.0,17.00858143550504
1,1.7832165168036838,243,5997,114,243.0,4769.0,17.257448758081452
