,norm,n_train,n_val,n_supp,train_acc,val_acc,radius
0,9.76576939961558,813,9588,310,813.0,7292.0,17.33516893709834
1,0.6819454862925235,66,768,48,66.0,527.0,15.96214315211268
2,0.5773207079287803,111,1476,48,111.0,1330.0,17.270297954347413
3,0.12025100434718682,7,102,6,7.0,86.0,15.419308459857225
4,0.038751779405462816,3,55,3,3.0,34.0,7.635447631271692
5,0.0,0,7,0,0.0,0.0,0.0
6,0.0,0,4,0,0.0,0.0,0.0
7,0.0,0,0,0,0.0,0.0,0.0
