,norm,n_train,n_val,n_supp,train_acc,val_acc,radius
0,1.8620994881870543,209,2637,113,209.0,2107.0,16.981111805489938
1,2.0996689424587,285,3361,121,285.0,2704.0,15.895640704387397
2,2.29642172493687,279,3372,130,279.0,2700.0,17.259047895429784
3,2.1839520155323062,227,2630,123,227.0,1953.0,16.934043089881882
