,norm,n_train,n_val,n_supp,train_acc,val_acc,radius
0,0.2363372668111835,9,253,9,9.0,200.0,13.456681011524644
1,2.6225665257728115,300,6735,144,300.0,5132.0,16.91695016035355
2,0.041633241792158784,3,141,3,3.0,76.0,12.247916361073123
3,1.4545280429903955,167,4406,88,167.0,3431.0,17.089399067750783
4,0.0,0,12,0,0.0,0.0,0.0
5,0.28304930437355547,17,316,13,17.0,251.0,14.255078084255466
6,0.0,0,6,0,0.0,0.0,0.0
7,0.04072972408308327,4,131,4,4.0,54.0,11.220184085749384
