,norm,n_train,n_val,n_supp,train_acc,val_acc,radius
0,11.14306773201865,952,5983,301,952.0,4723.0,17.056774714742918
1,13.03175608871951,1048,6017,352,1048.0,4635.0,17.920864251339733
