,norm,n_train,n_val,n_supp,train_acc,val_acc,radius
0,48.41264085388827,1607,9588,445,1607.0,7462.0,17.503718526615526
1,1.148128243589591,119,768,69,119.0,566.0,16.614545481795602
2,0.8092961455591184,256,1476,64,256.0,1360.0,17.28120001827434
3,0.17872312215251754,13,102,9,13.0,92.0,15.839590821135982
4,0.039349751563766994,5,55,4,5.0,34.0,8.812126659255467
5,0.0,0,7,0,0.0,0.0,0.0
6,0.0,0,4,0,0.0,0.0,0.0
7,0.0,0,0,0,0.0,0.0,0.0
