,norm,n_train,n_val,n_supp,train_acc,val_acc,radius
0,0.8340872192218964,107,1344,45,107.0,1137.0,14.928798358392367
1,1.1867459445355937,126,1477,68,126.0,1147.0,16.225459903493405
2,1.3855231432669888,142,1637,78,142.0,1309.0,16.331834977844586
3,1.0382362656152377,117,1507,67,117.0,1169.0,17.089200483922202
4,1.063861667549787,113,1393,60,113.0,1125.0,14.982502777965152
5,1.2003118328775686,153,1830,69,153.0,1527.0,16.392861434179967
6,1.0441544075426108,139,1531,86,139.0,1177.0,16.839894312725868
7,1.0213185930975683,103,1281,63,103.0,1000.0,16.786048923524273
