,norm,n_train,n_val,n_supp,train_acc,val_acc,radius
0,0.16197620424513542,12,141,12,12.0,118.0,13.666079220738284
1,0.0,0,0,0,0.0,0.0,0.0
2,177.9909218889532,1985,11821,1677,1985.0,9164.0,17.939665054537645
3,0.10358923383391769,3,38,3,3.0,36.0,13.326136944195149
