,norm,n_train,n_val,n_supp,train_acc,val_acc,radius
0,0.3459117559514882,20,103,17,20.0,88.0,13.918645662509965
1,0.10729664290085607,3,52,3,3.0,26.0,10.965560166767714
2,16.217546413284886,1190,7147,379,1190.0,5665.0,17.907562230801844
3,7.310724477073047,787,4698,266,787.0,3712.0,17.047054653446857
