,norm,n_train,n_val,n_supp,train_acc,val_acc,radius
0,0.9542146058379369,118,2918,56,118.0,2329.0,16.169730613441082
1,1.377072411307485,131,3083,72,131.0,2379.0,16.54448755355227
2,1.2259840685654917,131,3127,78,131.0,2383.0,16.32171566323026
3,1.0669102779157749,120,2872,62,120.0,2283.0,17.060021256581404
