,norm,n_train,n_val,n_supp,train_acc,val_acc,radius
0,0.1433155911813191,8,70,6,8.0,38.0,15.199302675265606
1,14.842041888896548,992,11930,356,992.0,9013.0,17.830218762309354
