,norm,n_train,n_val,n_supp,train_acc,val_acc,radius
0,5.39863255652369,508,6003,221,508.0,4572.0,17.50881230262044
1,3.558801314977493,492,5997,183,492.0,4849.0,17.41677993420612
