,norm,n_train,n_val,n_supp,train_acc,val_acc,radius
0,0.25657915518239277,15,70,13,15.0,53.0,15.43343428484353
1,185.95665835888607,1985,11930,504,1985.0,9243.0,17.927289711961492
