,norm,n_train,n_val,n_supp,train_acc,val_acc,radius
0,1.0882343713641627,133,1608,69,133.0,1264.0,16.46001825617992
1,1.043319577725185,99,1028,65,99.0,740.0,16.420300981101818
2,0.9438146614496362,108,1484,60,108.0,1204.0,16.81956615470262
3,1.3573619741985248,156,1939,87,156.0,1563.0,17.024767905642523
4,0.9992611909828115,133,1742,63,133.0,1479.0,15.466049964801472
5,1.3294796200720453,161,1560,69,161.0,1336.0,16.291974303075925
6,0.9775286509574994,94,1151,60,94.0,917.0,16.273969269616913
7,1.0684920748294597,116,1488,71,116.0,1153.0,16.824059161752633
