,norm,n_train,n_val,n_supp,train_acc,val_acc,radius
0,3.929135378799826,407,9972,191,407.0,7367.0,16.978315020094954
1,0.08667278559541122,4,94,3,4.0,82.0,14.078898854559052
2,0.142628632063535,4,109,4,4.0,87.0,12.032432633811117
3,0.0,0,6,0,0.0,0.0,0.0
4,0.8877209081938146,83,1774,45,83.0,1388.0,17.072965220962416
5,0.03765283957735549,1,34,1,1.0,31.0,0.0
6,0.03673726746840834,1,11,1,1.0,4.0,0.0
7,0.0,0,0,0,0.0,0.0,0.0
