,norm,n_train,n_val,n_supp,train_acc,val_acc,radius
0,0.12740590077655856,4,141,4,4.0,116.0,11.737105067460856
1,0.0,0,0,0,0.0,0.0,0.0
2,14.695353151537748,995,11821,355,995.0,8909.0,17.843135413643328
3,0.037469446542403244,1,38,1,1.0,3.0,0.0
