,norm,n_train,n_val,n_supp,train_acc,val_acc,radius
0,3.8925219378921048,404,9588,190,404.0,7079.0,16.96976641457915
1,0.39212930922729716,32,768,27,32.0,487.0,15.349425703940375
2,0.46942781043120174,60,1476,38,60.0,1307.0,16.330220832530053
3,0.08057393121302428,2,102,2,2.0,69.0,12.410975412996217
4,0.03848140388143201,2,55,2,2.0,34.0,7.11431893466736
5,0.0,0,7,0,0.0,0.0,0.0
6,0.0,0,4,0,0.0,0.0,0.0
7,0.0,0,0,0,0.0,0.0,0.0
