,norm,n_train,n_val,n_supp,train_acc,val_acc,radius
0,0.89533436873592,141,1822,52,141.0,1557.0,15.987919659727357
1,1.5522464250221952,169,2056,87,169.0,1687.0,16.69155004559345
2,3.154662908310644,344,3939,161,344.0,3087.0,17.226675253843386
3,2.8770564898654363,346,4183,155,346.0,3244.0,17.359909330235798
