,norm,n_train,n_val,n_supp,train_acc,val_acc,radius
0,95.37978683699066,1753,10464,477,1753.0,7906.0,17.937608125689692
1,1.4515313277921604,247,1536,105,247.0,1359.0,17.02769822218855
