,norm,n_train,n_val,n_supp,train_acc,val_acc,radius
0,1.5155786408085583,230,1344,85,230.0,1150.0,15.501739282596374
1,1.79344116781241,225,1477,102,225.0,1168.0,16.41529054604966
2,2.375381138017848,294,1637,136,294.0,1340.0,16.72014907168578
3,2.035503736753027,259,1507,123,259.0,1185.0,17.235491276169878
4,1.4694255715678797,212,1393,94,212.0,1160.0,15.827625973884242
5,1.8521690003790054,309,1830,114,309.0,1518.0,16.68780254796331
6,1.8894452226899268,266,1531,125,266.0,1233.0,17.071544787978628
7,1.6806279860267086,205,1281,99,205.0,1042.0,16.970287122394204
