,norm,n_train,n_val,n_supp,train_acc,val_acc,radius
0,2.5369452912906234,261,3144,132,261.0,2408.0,16.526911410634575
1,1.763298995835446,233,2843,118,233.0,2323.0,16.42276190533103
2,2.277316733414286,240,2816,119,240.0,2162.0,17.02316792900752
3,1.9734851816228443,266,3197,119,266.0,2551.0,17.464104691502133
