,norm,n_train,n_val,n_supp,train_acc,val_acc,radius
0,0.15920091128789898,4,103,4,4.0,52.0,11.959966930679238
1,0.036479415613027005,1,52,1,1.0,25.0,0.0
2,2.5140557227470586,294,7147,135,294.0,5548.0,17.40225937331902
3,2.090826134572127,201,4698,109,201.0,3507.0,16.494757229280683
