,norm,n_train,n_val,n_supp,train_acc,val_acc,radius
0,9.718137762698923,991,6021,317,991.0,4780.0,17.769078101247054
1,9.970074655104861,1009,5979,299,1009.0,4739.0,17.398281324023397
