,norm,n_train,n_val,n_supp,train_acc,val_acc,radius
0,9.56411482067836,814,9972,307,814.0,7722.0,17.561613440770582
1,0.09934579992705778,6,94,4,6.0,83.0,14.810791604685305
2,0.14560447914126798,7,109,7,7.0,87.0,14.058232123330104
3,0.0,0,6,0,0.0,0.0,0.0
4,1.5420886795736801,169,1774,94,169.0,1421.0,17.270110291021396
5,0.041461735584107776,3,34,3,3.0,31.0,11.536821302225952
6,0.03673726746840834,1,11,1,1.0,4.0,0.0
7,0.0,0,0,0,0.0,0.0,0.0
