,norm,n_train,n_val,n_supp,train_acc,val_acc,radius
0,0.04364048041110571,4,70,4,4.0,28.0,13.99290433119845
1,4.867721405081622,496,11930,230,496.0,8811.0,17.45142126895411
