,norm,n_train,n_val,n_supp,train_acc,val_acc,radius
0,3.9768336888767597,466,5983,189,466.0,4658.0,16.898055908637087
1,5.391729668617494,534,6017,236,534.0,4512.0,17.770769525885203
