,norm,n_train,n_val,n_supp,train_acc,val_acc,radius
0,1.9488752447373736,272,1608,130,272.0,1339.0,16.660118460266396
1,1.6426815464912736,195,1028,94,195.0,809.0,16.77533379759583
2,1.4782641504307357,210,1484,94,210.0,1281.0,16.949153705501026
3,1.9581542075755616,317,1939,129,317.0,1601.0,17.108050209522705
4,1.5091210042821759,285,1742,100,285.0,1455.0,15.883968991958627
5,1.8300956212722772,290,1560,103,290.0,1323.0,16.502026497781824
6,1.5939195395974401,209,1151,104,209.0,905.0,16.854841466767592
7,1.8416385816144623,222,1488,113,222.0,1170.0,16.906020356754947
