,norm,n_train,n_val,n_supp,train_acc,val_acc,radius
0,0.33048686620272216,24,253,20,24.0,205.0,14.912364744635939
1,5.728188117326563,592,6735,238,592.0,5154.0,17.208702988561136
2,0.1111771544197101,7,141,6,7.0,78.0,14.82475789490467
3,2.8351681416366747,335,4406,151,335.0,3448.0,17.474463510833612
4,0.03704900322668512,1,12,1,1.0,12.0,0.0
5,0.3527767508462535,32,316,19,32.0,256.0,14.374116597990778
6,0.037117851590113354,1,6,1,1.0,1.0,0.0
7,0.19665226587821807,8,131,7,8.0,102.0,14.477567319688427
