,norm,n_train,n_val,n_supp,train_acc,val_acc,radius
0,4.054193258733694,482,6021,200,482.0,4737.0,17.658513816570153
1,4.411481537273375,518,5979,205,518.0,4733.0,17.239288697526394
