,norm,n_train,n_val,n_supp,train_acc,val_acc,radius
0,2.256707812800776,229,5983,121,229.0,4487.0,16.65897094911814
1,2.1857925400811493,271,6017,130,271.0,4493.0,17.41752891706105
