,norm,n_train,n_val,n_supp,train_acc,val_acc,radius
0,1.3757343535915019,137,3144,75,137.0,2311.0,15.902994061768274
1,1.0782422129675793,123,2843,66,123.0,2203.0,16.089505398657476
2,1.0544343803716008,107,2816,65,107.0,2147.0,16.68032487373508
3,1.0712781150050876,133,3197,72,133.0,2490.0,16.878473602898232
