,norm,n_train,n_val,n_supp,train_acc,val_acc,radius
0,4.235275144164078,439,10464,207,439.0,7667.0,17.43139384260451
1,0.725650276069275,61,1536,42,61.0,1278.0,16.033590518116455
