,norm,n_train,n_val,n_supp,train_acc,val_acc,radius
0,11.038164775891806,881,10464,329,881.0,7812.0,17.833561598621337
1,1.073468970448967,119,1536,66,119.0,1292.0,16.27623138670449
