,norm,n_train,n_val,n_supp,train_acc,val_acc,radius
0,0.6213490271345822,75,1822,37,75.0,1557.0,15.299139761161726
1,0.9025840126645512,79,2056,44,79.0,1620.0,16.064084409022897
2,1.5589564869123247,167,3939,102,167.0,2897.0,16.470475867534827
3,1.644455059671841,179,4183,96,179.0,3231.0,17.161690511436678
