,norm,n_train,n_val,n_supp,train_acc,val_acc,radius
0,1.4528122184106047,238,2918,87,238.0,2405.0,16.498739267267847
1,2.6354745534043755,267,3083,128,267.0,2412.0,17.02654440890144
2,2.310473475874195,266,3127,134,266.0,2484.0,16.931619779402407
3,1.9637444150716932,229,2872,119,229.0,2273.0,17.308650841501027
