,norm,n_train,n_val,n_supp,train_acc,val_acc,radius
0,4.910651523053463,500,12000,228,500.0,8854.0,17.457016594077103
