,norm,n_train,n_val,n_supp,train_acc,val_acc,radius
0,13.14145925564996,990,6003,344,990.0,4660.0,17.74398012169247
1,8.851308021630944,1010,5997,313,1010.0,4800.0,17.528780643130514
